{
  "best_epoch": 39,
  "peak_cpu_memory_MB": 3327.316,
  "peak_gpu_0_memory_MB": 4468,
  "training_duration": "0:23:42.017942",
  "training_start_epoch": 0,
  "training_epochs": 48,
  "epoch": 48,
  "training_accuracy": 0.8990554128759849,
  "training_accuracy3": 1.0,
  "training_precision-overall": 0.0,
  "training_recall-overall": 0.0,
  "training_f1-measure-overall": 0.0,
  "training_loss": 1128.2629496256511,
  "training_cpu_memory_MB": 3327.316,
  "training_gpu_0_memory_MB": 4468,
  "validation_accuracy": 0.906859984984985,
  "validation_accuracy3": 1.0,
  "validation_precision-overall": 0.7821100917431192,
  "validation_recall-overall": 0.496,
  "validation_f1-measure-overall": 0.6070315976857559,
  "validation_loss": 1223.4177606756036,
  "best_validation_accuracy": 0.9086430180180181,
  "best_validation_accuracy3": 1.0,
  "best_validation_precision-overall": 0.774049217002237,
  "best_validation_recall-overall": 0.5032727272727273,
  "best_validation_f1-measure-overall": 0.6099603349492692,
  "best_validation_loss": 1239.4816755814986,
  "test_accuracy": 0.9276268042899766,
  "test_accuracy3": 1.0,
  "test_precision-overall": 0.7815384615384615,
  "test_recall-overall": 0.6314481044126787,
  "test_f1-measure-overall": 0.6985218288071008,
  "test_loss": 1264.2084859212239
}